row,col,x,y,size,isStart,isGoal,isFree,value
0,0,-40.0,40.0,2.0,False,False,False,inf
0,1,-38.0,40.0,2.0,False,False,False,inf
0,2,-36.0,40.0,2.0,False,False,False,inf
0,3,-34.0,40.0,2.0,False,False,False,inf
0,4,-32.0,40.0,2.0,False,False,False,inf
0,5,-30.0,40.0,2.0,False,False,False,inf
0,6,-28.0,40.0,2.0,False,False,False,inf
0,7,-26.0,40.0,2.0,False,False,False,inf
0,8,-24.0,40.0,2.0,False,False,False,inf
0,9,-22.0,40.0,2.0,False,False,False,inf
0,10,-20.0,40.0,2.0,False,False,False,inf
0,11,-18.0,40.0,2.0,False,False,False,inf
0,12,-16.0,40.0,2.0,False,False,False,inf
0,13,-14.0,40.0,2.0,False,False,False,inf
0,14,-12.0,40.0,2.0,False,False,False,inf
0,15,-10.0,40.0,2.0,False,False,False,inf
0,16,-8.0,40.0,2.0,False,False,False,inf
0,17,-6.0,40.0,2.0,False,False,False,inf
0,18,-4.0,40.0,2.0,False,False,False,inf
0,19,-2.0,40.0,2.0,False,False,False,inf
0,20,0.0,40.0,2.0,False,False,False,inf
0,21,2.0,40.0,2.0,False,False,False,inf
0,22,4.0,40.0,2.0,False,False,False,inf
0,23,6.0,40.0,2.0,False,False,False,inf
0,24,8.0,40.0,2.0,False,False,False,inf
0,25,10.0,40.0,2.0,False,False,False,inf
0,26,12.0,40.0,2.0,False,False,False,inf
0,27,14.0,40.0,2.0,False,False,False,inf
0,28,16.0,40.0,2.0,False,False,False,inf
0,29,18.0,40.0,2.0,False,False,False,inf
0,30,20.0,40.0,2.0,False,False,False,inf
0,31,22.0,40.0,2.0,False,False,False,inf
0,32,24.0,40.0,2.0,False,False,False,inf
0,33,26.0,40.0,2.0,False,False,False,inf
0,34,28.0,40.0,2.0,False,False,False,inf
0,35,30.0,40.0,2.0,False,False,False,inf
0,36,32.0,40.0,2.0,False,False,False,inf
0,37,34.0,40.0,2.0,False,False,False,inf
0,38,36.0,40.0,2.0,False,False,False,inf
0,39,38.0,40.0,2.0,False,False,False,inf
1,0,-40.0,38.0,2.0,False,False,False,inf
1,1,-38.0,38.0,2.0,False,False,True,inf
1,2,-36.0,38.0,2.0,False,False,True,inf
1,3,-34.0,38.0,2.0,False,False,True,inf
1,4,-32.0,38.0,2.0,False,False,True,inf
1,5,-30.0,38.0,2.0,False,False,True,inf
1,6,-28.0,38.0,2.0,False,False,True,40
1,7,-26.0,38.0,2.0,False,False,True,39
1,8,-24.0,38.0,2.0,False,False,True,38
1,9,-22.0,38.0,2.0,False,False,True,37
1,10,-20.0,38.0,2.0,False,False,True,36
1,11,-18.0,38.0,2.0,False,False,True,35
1,12,-16.0,38.0,2.0,False,False,True,34
1,13,-14.0,38.0,2.0,False,False,True,33
1,14,-12.0,38.0,2.0,False,False,True,32
1,15,-10.0,38.0,2.0,False,False,True,31
1,16,-8.0,38.0,2.0,False,False,True,30
1,17,-6.0,38.0,2.0,False,False,True,29
1,18,-4.0,38.0,2.0,False,False,True,28
1,19,-2.0,38.0,2.0,False,False,True,27
1,20,0.0,38.0,2.0,False,False,True,26
1,21,2.0,38.0,2.0,False,False,True,25
1,22,4.0,38.0,2.0,False,False,True,24
1,23,6.0,38.0,2.0,False,False,True,23
1,24,8.0,38.0,2.0,False,False,True,24
1,25,10.0,38.0,2.0,False,False,True,25
1,26,12.0,38.0,2.0,False,False,True,26
1,27,14.0,38.0,2.0,False,False,True,27
1,28,16.0,38.0,2.0,False,False,True,26
1,29,18.0,38.0,2.0,False,False,True,25
1,30,20.0,38.0,2.0,False,False,True,24
1,31,22.0,38.0,2.0,False,False,True,23
1,32,24.0,38.0,2.0,False,False,True,22
1,33,26.0,38.0,2.0,False,False,True,21
1,34,28.0,38.0,2.0,False,False,True,20
1,35,30.0,38.0,2.0,False,False,True,19
1,36,32.0,38.0,2.0,False,False,True,18
1,37,34.0,38.0,2.0,False,False,True,19
1,38,36.0,38.0,2.0,False,False,True,20
1,39,38.0,38.0,2.0,False,False,False,inf
2,0,-40.0,36.0,2.0,False,False,False,inf
2,1,-38.0,36.0,2.0,False,False,True,inf
2,2,-36.0,36.0,2.0,False,False,True,inf
2,3,-34.0,36.0,2.0,False,False,True,inf
2,4,-32.0,36.0,2.0,False,False,True,inf
2,5,-30.0,36.0,2.0,False,False,True,40
2,6,-28.0,36.0,2.0,False,False,True,39
2,7,-26.0,36.0,2.0,False,False,True,38
2,8,-24.0,36.0,2.0,False,False,True,37
2,9,-22.0,36.0,2.0,False,False,True,36
2,10,-20.0,36.0,2.0,False,False,True,35
2,11,-18.0,36.0,2.0,False,False,True,34
2,12,-16.0,36.0,2.0,False,False,True,33
2,13,-14.0,36.0,2.0,False,False,True,32
2,14,-12.0,36.0,2.0,False,False,True,31
2,15,-10.0,36.0,2.0,False,False,True,30
2,16,-8.0,36.0,2.0,False,False,True,29
2,17,-6.0,36.0,2.0,False,False,True,28
2,18,-4.0,36.0,2.0,False,False,True,27
2,19,-2.0,36.0,2.0,False,False,True,26
2,20,0.0,36.0,2.0,False,False,True,25
2,21,2.0,36.0,2.0,False,False,True,24
2,22,4.0,36.0,2.0,False,False,True,23
2,23,6.0,36.0,2.0,False,False,True,22
2,24,8.0,36.0,2.0,False,False,True,23
2,25,10.0,36.0,2.0,False,False,True,24
2,26,12.0,36.0,2.0,False,False,False,inf
2,27,14.0,36.0,2.0,False,False,False,inf
2,28,16.0,36.0,2.0,False,False,False,inf
2,29,18.0,36.0,2.0,False,False,False,inf
2,30,20.0,36.0,2.0,False,False,False,inf
2,31,22.0,36.0,2.0,False,False,False,inf
2,32,24.0,36.0,2.0,False,False,False,inf
2,33,26.0,36.0,2.0,False,False,False,inf
2,34,28.0,36.0,2.0,False,False,True,19
2,35,30.0,36.0,2.0,False,False,True,18
2,36,32.0,36.0,2.0,False,False,True,17
2,37,34.0,36.0,2.0,False,False,True,18
2,38,36.0,36.0,2.0,False,False,True,19
2,39,38.0,36.0,2.0,False,False,False,inf
3,0,-40.0,34.0,2.0,False,False,False,inf
3,1,-38.0,34.0,2.0,False,False,True,inf
3,2,-36.0,34.0,2.0,False,False,True,inf
3,3,-34.0,34.0,2.0,False,False,True,inf
3,4,-32.0,34.0,2.0,False,False,True,inf
3,5,-30.0,34.0,2.0,False,False,False,inf
3,6,-28.0,34.0,2.0,False,False,False,inf
3,7,-26.0,34.0,2.0,False,False,False,inf
3,8,-24.0,34.0,2.0,False,False,False,inf
3,9,-22.0,34.0,2.0,False,False,False,inf
3,10,-20.0,34.0,2.0,False,False,False,inf
3,11,-18.0,34.0,2.0,False,False,True,33
3,12,-16.0,34.0,2.0,False,False,True,32
3,13,-14.0,34.0,2.0,False,False,True,31
3,14,-12.0,34.0,2.0,False,False,True,30
3,15,-10.0,34.0,2.0,False,False,True,29
3,16,-8.0,34.0,2.0,False,False,True,28
3,17,-6.0,34.0,2.0,False,False,True,27
3,18,-4.0,34.0,2.0,False,False,True,26
3,19,-2.0,34.0,2.0,False,False,True,25
3,20,0.0,34.0,2.0,False,False,True,24
3,21,2.0,34.0,2.0,False,False,True,23
3,22,4.0,34.0,2.0,False,False,True,22
3,23,6.0,34.0,2.0,False,False,True,21
3,24,8.0,34.0,2.0,False,False,False,inf
3,25,10.0,34.0,2.0,False,False,False,inf
3,26,12.0,34.0,2.0,False,False,False,inf
3,27,14.0,34.0,2.0,False,False,False,inf
3,28,16.0,34.0,2.0,False,False,False,inf
3,29,18.0,34.0,2.0,False,False,False,inf
3,30,20.0,34.0,2.0,False,False,False,inf
3,31,22.0,34.0,2.0,False,False,False,inf
3,32,24.0,34.0,2.0,False,False,False,inf
3,33,26.0,34.0,2.0,False,False,False,inf
3,34,28.0,34.0,2.0,False,False,False,inf
3,35,30.0,34.0,2.0,False,False,True,17
3,36,32.0,34.0,2.0,False,False,True,16
3,37,34.0,34.0,2.0,False,False,True,17
3,38,36.0,34.0,2.0,False,False,True,18
3,39,38.0,34.0,2.0,False,False,False,inf
4,0,-40.0,32.0,2.0,False,False,False,inf
4,1,-38.0,32.0,2.0,False,False,True,inf
4,2,-36.0,32.0,2.0,False,False,True,inf
4,3,-34.0,32.0,2.0,False,False,True,inf
4,4,-32.0,32.0,2.0,False,False,False,inf
4,5,-30.0,32.0,2.0,False,False,False,inf
4,6,-28.0,32.0,2.0,False,False,False,inf
4,7,-26.0,32.0,2.0,False,False,False,inf
4,8,-24.0,32.0,2.0,False,False,False,inf
4,9,-22.0,32.0,2.0,False,False,False,inf
4,10,-20.0,32.0,2.0,False,False,False,inf
4,11,-18.0,32.0,2.0,False,False,False,inf
4,12,-16.0,32.0,2.0,False,False,True,31
4,13,-14.0,32.0,2.0,False,False,True,30
4,14,-12.0,32.0,2.0,False,False,True,29
4,15,-10.0,32.0,2.0,False,False,True,28
4,16,-8.0,32.0,2.0,False,False,True,27
4,17,-6.0,32.0,2.0,False,False,True,26
4,18,-4.0,32.0,2.0,False,False,True,25
4,19,-2.0,32.0,2.0,False,False,True,24
4,20,0.0,32.0,2.0,False,False,True,23
4,21,2.0,32.0,2.0,False,False,True,22
4,22,4.0,32.0,2.0,False,False,True,21
4,23,6.0,32.0,2.0,False,False,True,20
4,24,8.0,32.0,2.0,False,False,False,inf
4,25,10.0,32.0,2.0,False,False,False,inf
4,26,12.0,32.0,2.0,False,False,False,inf
4,27,14.0,32.0,2.0,False,False,False,inf
4,28,16.0,32.0,2.0,False,False,False,inf
4,29,18.0,32.0,2.0,False,False,False,inf
4,30,20.0,32.0,2.0,False,False,False,inf
4,31,22.0,32.0,2.0,False,False,False,inf
4,32,24.0,32.0,2.0,False,False,False,inf
4,33,26.0,32.0,2.0,False,False,False,inf
4,34,28.0,32.0,2.0,False,False,False,inf
4,35,30.0,32.0,2.0,False,False,False,inf
4,36,32.0,32.0,2.0,False,False,True,15
4,37,34.0,32.0,2.0,False,False,True,16
4,38,36.0,32.0,2.0,False,False,True,17
4,39,38.0,32.0,2.0,False,False,False,inf
5,0,-40.0,30.0,2.0,False,False,False,inf
5,1,-38.0,30.0,2.0,False,False,True,inf
5,2,-36.0,30.0,2.0,False,False,True,inf
5,3,-34.0,30.0,2.0,False,False,False,inf
5,4,-32.0,30.0,2.0,False,False,False,inf
5,5,-30.0,30.0,2.0,False,False,False,inf
5,6,-28.0,30.0,2.0,False,False,False,inf
5,7,-26.0,30.0,2.0,False,False,False,inf
5,8,-24.0,30.0,2.0,False,False,False,inf
5,9,-22.0,30.0,2.0,False,False,False,inf
5,10,-20.0,30.0,2.0,False,False,False,inf
5,11,-18.0,30.0,2.0,False,False,False,inf
5,12,-16.0,30.0,2.0,False,False,False,inf
5,13,-14.0,30.0,2.0,False,False,True,29
5,14,-12.0,30.0,2.0,False,False,True,28
5,15,-10.0,30.0,2.0,False,False,True,27
5,16,-8.0,30.0,2.0,False,False,True,26
5,17,-6.0,30.0,2.0,False,False,True,25
5,18,-4.0,30.0,2.0,False,False,True,24
5,19,-2.0,30.0,2.0,False,False,True,23
5,20,0.0,30.0,2.0,False,False,True,22
5,21,2.0,30.0,2.0,False,False,True,21
5,22,4.0,30.0,2.0,False,False,True,20
5,23,6.0,30.0,2.0,False,False,True,19
5,24,8.0,30.0,2.0,False,False,False,inf
5,25,10.0,30.0,2.0,False,False,False,inf
5,26,12.0,30.0,2.0,False,False,False,inf
5,27,14.0,30.0,2.0,False,False,False,inf
5,28,16.0,30.0,2.0,False,False,False,inf
5,29,18.0,30.0,2.0,False,False,False,inf
5,30,20.0,30.0,2.0,False,False,False,inf
5,31,22.0,30.0,2.0,False,False,False,inf
5,32,24.0,30.0,2.0,False,False,False,inf
5,33,26.0,30.0,2.0,False,False,False,inf
5,34,28.0,30.0,2.0,False,False,False,inf
5,35,30.0,30.0,2.0,False,False,False,inf
5,36,32.0,30.0,2.0,False,False,True,14
5,37,34.0,30.0,2.0,False,False,True,15
5,38,36.0,30.0,2.0,False,False,True,16
5,39,38.0,30.0,2.0,False,False,False,inf
6,0,-40.0,28.0,2.0,False,False,False,inf
6,1,-38.0,28.0,2.0,False,False,True,inf
6,2,-36.0,28.0,2.0,False,False,True,inf
6,3,-34.0,28.0,2.0,False,False,False,inf
6,4,-32.0,28.0,2.0,False,False,False,inf
6,5,-30.0,28.0,2.0,False,False,False,inf
6,6,-28.0,28.0,2.0,False,False,False,inf
6,7,-26.0,28.0,2.0,False,False,False,inf
6,8,-24.0,28.0,2.0,False,False,False,inf
6,9,-22.0,28.0,2.0,False,False,False,inf
6,10,-20.0,28.0,2.0,False,False,False,inf
6,11,-18.0,28.0,2.0,False,False,False,inf
6,12,-16.0,28.0,2.0,False,False,False,inf
6,13,-14.0,28.0,2.0,False,False,True,28
6,14,-12.0,28.0,2.0,False,False,True,27
6,15,-10.0,28.0,2.0,False,False,True,26
6,16,-8.0,28.0,2.0,False,False,True,25
6,17,-6.0,28.0,2.0,False,False,True,24
6,18,-4.0,28.0,2.0,False,False,True,23
6,19,-2.0,28.0,2.0,False,False,True,22
6,20,0.0,28.0,2.0,False,False,True,21
6,21,2.0,28.0,2.0,False,False,True,20
6,22,4.0,28.0,2.0,False,False,True,19
6,23,6.0,28.0,2.0,False,False,True,18
6,24,8.0,28.0,2.0,False,False,False,inf
6,25,10.0,28.0,2.0,False,False,False,inf
6,26,12.0,28.0,2.0,False,False,False,inf
6,27,14.0,28.0,2.0,False,False,False,inf
6,28,16.0,28.0,2.0,False,False,False,inf
6,29,18.0,28.0,2.0,False,False,False,inf
6,30,20.0,28.0,2.0,False,False,False,inf
6,31,22.0,28.0,2.0,False,False,False,inf
6,32,24.0,28.0,2.0,False,False,False,inf
6,33,26.0,28.0,2.0,False,False,False,inf
6,34,28.0,28.0,2.0,False,False,False,inf
6,35,30.0,28.0,2.0,False,False,False,inf
6,36,32.0,28.0,2.0,False,False,True,13
6,37,34.0,28.0,2.0,False,False,True,14
6,38,36.0,28.0,2.0,False,False,True,15
6,39,38.0,28.0,2.0,False,False,False,inf
7,0,-40.0,26.0,2.0,False,False,False,inf
7,1,-38.0,26.0,2.0,False,False,True,inf
7,2,-36.0,26.0,2.0,False,False,True,40
7,3,-34.0,26.0,2.0,False,False,False,inf
7,4,-32.0,26.0,2.0,False,False,False,inf
7,5,-30.0,26.0,2.0,False,False,False,inf
7,6,-28.0,26.0,2.0,False,False,False,inf
7,7,-26.0,26.0,2.0,False,False,False,inf
7,8,-24.0,26.0,2.0,False,False,False,inf
7,9,-22.0,26.0,2.0,False,False,False,inf
7,10,-20.0,26.0,2.0,False,False,False,inf
7,11,-18.0,26.0,2.0,False,False,False,inf
7,12,-16.0,26.0,2.0,False,False,False,inf
7,13,-14.0,26.0,2.0,False,False,True,27
7,14,-12.0,26.0,2.0,False,False,True,26
7,15,-10.0,26.0,2.0,False,False,True,25
7,16,-8.0,26.0,2.0,False,False,True,24
7,17,-6.0,26.0,2.0,False,False,False,inf
7,18,-4.0,26.0,2.0,False,False,False,inf
7,19,-2.0,26.0,2.0,False,False,False,inf
7,20,0.0,26.0,2.0,False,False,True,20
7,21,2.0,26.0,2.0,False,False,True,19
7,22,4.0,26.0,2.0,False,False,True,18
7,23,6.0,26.0,2.0,False,False,True,17
7,24,8.0,26.0,2.0,False,False,False,inf
7,25,10.0,26.0,2.0,False,False,False,inf
7,26,12.0,26.0,2.0,False,False,False,inf
7,27,14.0,26.0,2.0,False,False,False,inf
7,28,16.0,26.0,2.0,False,False,False,inf
7,29,18.0,26.0,2.0,False,False,False,inf
7,30,20.0,26.0,2.0,False,False,False,inf
7,31,22.0,26.0,2.0,False,False,False,inf
7,32,24.0,26.0,2.0,False,False,False,inf
7,33,26.0,26.0,2.0,False,False,False,inf
7,34,28.0,26.0,2.0,False,False,False,inf
7,35,30.0,26.0,2.0,False,False,False,inf
7,36,32.0,26.0,2.0,False,False,True,12
7,37,34.0,26.0,2.0,False,False,True,13
7,38,36.0,26.0,2.0,False,False,True,14
7,39,38.0,26.0,2.0,False,False,False,inf
8,0,-40.0,24.0,2.0,False,False,False,inf
8,1,-38.0,24.0,2.0,False,False,True,40
8,2,-36.0,24.0,2.0,False,False,True,39
8,3,-34.0,24.0,2.0,False,False,False,inf
8,4,-32.0,24.0,2.0,False,False,False,inf
8,5,-30.0,24.0,2.0,False,False,False,inf
8,6,-28.0,24.0,2.0,False,False,False,inf
8,7,-26.0,24.0,2.0,False,False,False,inf
8,8,-24.0,24.0,2.0,False,False,False,inf
8,9,-22.0,24.0,2.0,False,False,False,inf
8,10,-20.0,24.0,2.0,False,False,False,inf
8,11,-18.0,24.0,2.0,False,False,False,inf
8,12,-16.0,24.0,2.0,False,False,False,inf
8,13,-14.0,24.0,2.0,False,False,True,26
8,14,-12.0,24.0,2.0,False,False,True,25
8,15,-10.0,24.0,2.0,False,False,True,24
8,16,-8.0,24.0,2.0,False,False,True,23
8,17,-6.0,24.0,2.0,False,False,False,inf
8,18,-4.0,24.0,2.0,False,False,False,inf
8,19,-2.0,24.0,2.0,False,False,False,inf
8,20,0.0,24.0,2.0,False,False,True,19
8,21,2.0,24.0,2.0,False,False,True,18
8,22,4.0,24.0,2.0,False,False,True,17
8,23,6.0,24.0,2.0,False,False,True,16
8,24,8.0,24.0,2.0,False,False,True,15
8,25,10.0,24.0,2.0,False,False,False,inf
8,26,12.0,24.0,2.0,False,False,False,inf
8,27,14.0,24.0,2.0,False,False,False,inf
8,28,16.0,24.0,2.0,False,False,False,inf
8,29,18.0,24.0,2.0,False,False,False,inf
8,30,20.0,24.0,2.0,False,False,False,inf
8,31,22.0,24.0,2.0,False,False,False,inf
8,32,24.0,24.0,2.0,False,False,False,inf
8,33,26.0,24.0,2.0,False,False,False,inf
8,34,28.0,24.0,2.0,False,False,False,inf
8,35,30.0,24.0,2.0,False,False,True,10
8,36,32.0,24.0,2.0,False,False,True,11
8,37,34.0,24.0,2.0,False,False,True,12
8,38,36.0,24.0,2.0,False,False,True,13
8,39,38.0,24.0,2.0,False,False,False,inf
9,0,-40.0,22.0,2.0,False,False,False,inf
9,1,-38.0,22.0,2.0,False,False,True,39
9,2,-36.0,22.0,2.0,False,False,True,38
9,3,-34.0,22.0,2.0,False,False,True,37
9,4,-32.0,22.0,2.0,False,False,False,inf
9,5,-30.0,22.0,2.0,False,False,False,inf
9,6,-28.0,22.0,2.0,False,False,False,inf
9,7,-26.0,22.0,2.0,False,False,False,inf
9,8,-24.0,22.0,2.0,False,False,False,inf
9,9,-22.0,22.0,2.0,False,False,False,inf
9,10,-20.0,22.0,2.0,False,False,False,inf
9,11,-18.0,22.0,2.0,False,False,False,inf
9,12,-16.0,22.0,2.0,False,False,False,inf
9,13,-14.0,22.0,2.0,False,False,True,25
9,14,-12.0,22.0,2.0,False,False,True,24
9,15,-10.0,22.0,2.0,False,False,True,23
9,16,-8.0,22.0,2.0,False,False,True,22
9,17,-6.0,22.0,2.0,False,False,True,21
9,18,-4.0,22.0,2.0,False,False,False,inf
9,19,-2.0,22.0,2.0,False,False,False,inf
9,20,0.0,22.0,2.0,False,False,True,18
9,21,2.0,22.0,2.0,False,False,True,17
9,22,4.0,22.0,2.0,False,False,True,16
9,23,6.0,22.0,2.0,False,False,True,15
9,24,8.0,22.0,2.0,False,False,True,14
9,25,10.0,22.0,2.0,False,False,True,13
9,26,12.0,22.0,2.0,False,False,True,12
9,27,14.0,22.0,2.0,False,False,False,inf
9,28,16.0,22.0,2.0,False,False,False,inf
9,29,18.0,22.0,2.0,False,False,False,inf
9,30,20.0,22.0,2.0,False,False,False,inf
9,31,22.0,22.0,2.0,False,False,False,inf
9,32,24.0,22.0,2.0,False,False,True,6
9,33,26.0,22.0,2.0,False,False,True,7
9,34,28.0,22.0,2.0,False,False,True,8
9,35,30.0,22.0,2.0,False,False,True,9
9,36,32.0,22.0,2.0,False,False,True,10
9,37,34.0,22.0,2.0,False,False,True,11
9,38,36.0,22.0,2.0,False,False,True,12
9,39,38.0,22.0,2.0,False,False,False,inf
10,0,-40.0,20.0,2.0,False,False,False,inf
10,1,-38.0,20.0,2.0,False,False,True,38
10,2,-36.0,20.0,2.0,False,False,True,37
10,3,-34.0,20.0,2.0,False,False,True,36
10,4,-32.0,20.0,2.0,False,False,False,inf
10,5,-30.0,20.0,2.0,False,False,False,inf
10,6,-28.0,20.0,2.0,False,False,False,inf
10,7,-26.0,20.0,2.0,False,False,False,inf
10,8,-24.0,20.0,2.0,False,False,False,inf
10,9,-22.0,20.0,2.0,False,False,False,inf
10,10,-20.0,20.0,2.0,False,False,False,inf
10,11,-18.0,20.0,2.0,False,False,False,inf
10,12,-16.0,20.0,2.0,False,False,True,25
10,13,-14.0,20.0,2.0,False,False,True,24
10,14,-12.0,20.0,2.0,False,False,True,23
10,15,-10.0,20.0,2.0,False,False,True,22
10,16,-8.0,20.0,2.0,False,False,True,21
10,17,-6.0,20.0,2.0,False,False,True,20
10,18,-4.0,20.0,2.0,False,False,True,19
10,19,-2.0,20.0,2.0,False,False,True,18
10,20,0.0,20.0,2.0,False,False,True,17
10,21,2.0,20.0,2.0,False,False,True,16
10,22,4.0,20.0,2.0,False,False,True,15
10,23,6.0,20.0,2.0,False,False,True,14
10,24,8.0,20.0,2.0,False,False,True,13
10,25,10.0,20.0,2.0,False,False,True,12
10,26,12.0,20.0,2.0,False,False,True,11
10,27,14.0,20.0,2.0,False,False,True,10
10,28,16.0,20.0,2.0,False,False,True,9
10,29,18.0,20.0,2.0,False,False,True,8
10,30,20.0,20.0,2.0,False,False,True,7
10,31,22.0,20.0,2.0,False,False,True,6
10,32,24.0,20.0,2.0,False,False,True,5
10,33,26.0,20.0,2.0,False,False,True,6
10,34,28.0,20.0,2.0,False,False,True,7
10,35,30.0,20.0,2.0,False,False,True,8
10,36,32.0,20.0,2.0,False,False,True,9
10,37,34.0,20.0,2.0,False,False,True,10
10,38,36.0,20.0,2.0,False,False,True,11
10,39,38.0,20.0,2.0,False,False,False,inf
11,0,-40.0,18.0,2.0,False,False,False,inf
11,1,-38.0,18.0,2.0,False,False,True,37
11,2,-36.0,18.0,2.0,False,False,True,36
11,3,-34.0,18.0,2.0,False,False,True,35
11,4,-32.0,18.0,2.0,False,False,True,34
11,5,-30.0,18.0,2.0,False,False,False,inf
11,6,-28.0,18.0,2.0,False,False,False,inf
11,7,-26.0,18.0,2.0,False,False,False,inf
11,8,-24.0,18.0,2.0,False,False,False,inf
11,9,-22.0,18.0,2.0,False,False,False,inf
11,10,-20.0,18.0,2.0,False,False,False,inf
11,11,-18.0,18.0,2.0,False,False,True,25
11,12,-16.0,18.0,2.0,False,False,True,24
11,13,-14.0,18.0,2.0,False,False,True,23
11,14,-12.0,18.0,2.0,False,False,True,22
11,15,-10.0,18.0,2.0,False,False,True,21
11,16,-8.0,18.0,2.0,False,False,True,20
11,17,-6.0,18.0,2.0,False,False,True,19
11,18,-4.0,18.0,2.0,False,False,True,18
11,19,-2.0,18.0,2.0,False,False,True,17
11,20,0.0,18.0,2.0,False,False,True,16
11,21,2.0,18.0,2.0,False,False,True,15
11,22,4.0,18.0,2.0,False,False,True,14
11,23,6.0,18.0,2.0,False,False,True,13
11,24,8.0,18.0,2.0,False,False,True,12
11,25,10.0,18.0,2.0,False,False,True,11
11,26,12.0,18.0,2.0,False,False,True,10
11,27,14.0,18.0,2.0,False,False,True,9
11,28,16.0,18.0,2.0,False,False,True,8
11,29,18.0,18.0,2.0,False,False,True,7
11,30,20.0,18.0,2.0,False,False,True,6
11,31,22.0,18.0,2.0,False,False,True,5
11,32,24.0,18.0,2.0,False,False,True,4
11,33,26.0,18.0,2.0,False,False,True,5
11,34,28.0,18.0,2.0,False,False,True,6
11,35,30.0,18.0,2.0,False,False,True,7
11,36,32.0,18.0,2.0,False,False,True,8
11,37,34.0,18.0,2.0,False,False,True,9
11,38,36.0,18.0,2.0,False,False,True,10
11,39,38.0,18.0,2.0,False,False,False,inf
12,0,-40.0,16.0,2.0,False,False,False,inf
12,1,-38.0,16.0,2.0,False,False,True,36
12,2,-36.0,16.0,2.0,False,False,True,35
12,3,-34.0,16.0,2.0,False,False,True,34
12,4,-32.0,16.0,2.0,False,False,True,33
12,5,-30.0,16.0,2.0,False,False,True,32
12,6,-28.0,16.0,2.0,False,False,True,31
12,7,-26.0,16.0,2.0,False,False,True,30
12,8,-24.0,16.0,2.0,False,False,True,29
12,9,-22.0,16.0,2.0,False,False,True,28
12,10,-20.0,16.0,2.0,False,False,True,27
12,11,-18.0,16.0,2.0,False,False,True,26
12,12,-16.0,16.0,2.0,False,False,True,25
12,13,-14.0,16.0,2.0,False,False,True,24
12,14,-12.0,16.0,2.0,False,False,True,23
12,15,-10.0,16.0,2.0,False,False,True,22
12,16,-8.0,16.0,2.0,False,False,True,21
12,17,-6.0,16.0,2.0,False,False,True,20
12,18,-4.0,16.0,2.0,False,False,True,19
12,19,-2.0,16.0,2.0,False,False,True,18
12,20,0.0,16.0,2.0,False,False,False,inf
12,21,2.0,16.0,2.0,False,False,False,inf
12,22,4.0,16.0,2.0,False,False,False,inf
12,23,6.0,16.0,2.0,False,False,False,inf
12,24,8.0,16.0,2.0,False,False,False,inf
12,25,10.0,16.0,2.0,False,False,True,10
12,26,12.0,16.0,2.0,False,False,True,9
12,27,14.0,16.0,2.0,False,False,True,8
12,28,16.0,16.0,2.0,False,False,True,7
12,29,18.0,16.0,2.0,False,False,True,6
12,30,20.0,16.0,2.0,False,False,True,5
12,31,22.0,16.0,2.0,False,False,True,4
12,32,24.0,16.0,2.0,False,False,True,3
12,33,26.0,16.0,2.0,False,False,True,4
12,34,28.0,16.0,2.0,False,False,True,5
12,35,30.0,16.0,2.0,False,False,True,6
12,36,32.0,16.0,2.0,False,False,True,7
12,37,34.0,16.0,2.0,False,False,True,8
12,38,36.0,16.0,2.0,False,False,True,9
12,39,38.0,16.0,2.0,False,False,False,inf
13,0,-40.0,14.0,2.0,False,False,False,inf
13,1,-38.0,14.0,2.0,False,False,True,37
13,2,-36.0,14.0,2.0,False,False,True,36
13,3,-34.0,14.0,2.0,False,False,True,35
13,4,-32.0,14.0,2.0,False,False,True,34
13,5,-30.0,14.0,2.0,False,False,True,33
13,6,-28.0,14.0,2.0,False,False,True,32
13,7,-26.0,14.0,2.0,False,False,True,31
13,8,-24.0,14.0,2.0,False,False,True,30
13,9,-22.0,14.0,2.0,False,False,True,29
13,10,-20.0,14.0,2.0,False,False,True,28
13,11,-18.0,14.0,2.0,False,False,True,27
13,12,-16.0,14.0,2.0,False,False,True,26
13,13,-14.0,14.0,2.0,False,False,True,25
13,14,-12.0,14.0,2.0,False,False,True,24
13,15,-10.0,14.0,2.0,False,False,True,23
13,16,-8.0,14.0,2.0,False,False,True,22
13,17,-6.0,14.0,2.0,False,False,True,21
13,18,-4.0,14.0,2.0,False,False,False,inf
13,19,-2.0,14.0,2.0,False,False,False,inf
13,20,0.0,14.0,2.0,False,False,False,inf
13,21,2.0,14.0,2.0,False,False,False,inf
13,22,4.0,14.0,2.0,False,False,False,inf
13,23,6.0,14.0,2.0,False,False,False,inf
13,24,8.0,14.0,2.0,False,False,False,inf
13,25,10.0,14.0,2.0,False,False,True,9
13,26,12.0,14.0,2.0,False,False,True,8
13,27,14.0,14.0,2.0,False,False,True,7
13,28,16.0,14.0,2.0,False,False,True,6
13,29,18.0,14.0,2.0,False,False,True,5
13,30,20.0,14.0,2.0,False,False,True,4
13,31,22.0,14.0,2.0,False,False,True,3
13,32,24.0,14.0,2.0,False,True,True,2
13,33,26.0,14.0,2.0,False,False,True,3
13,34,28.0,14.0,2.0,False,False,True,4
13,35,30.0,14.0,2.0,False,False,True,5
13,36,32.0,14.0,2.0,False,False,True,6
13,37,34.0,14.0,2.0,False,False,True,7
13,38,36.0,14.0,2.0,False,False,True,8
13,39,38.0,14.0,2.0,False,False,False,inf
14,0,-40.0,12.0,2.0,False,False,False,inf
14,1,-38.0,12.0,2.0,False,False,True,38
14,2,-36.0,12.0,2.0,False,False,True,37
14,3,-34.0,12.0,2.0,False,False,True,36
14,4,-32.0,12.0,2.0,False,False,True,35
14,5,-30.0,12.0,2.0,False,False,True,34
14,6,-28.0,12.0,2.0,False,False,True,33
14,7,-26.0,12.0,2.0,False,False,True,32
14,8,-24.0,12.0,2.0,False,False,True,31
14,9,-22.0,12.0,2.0,False,False,True,30
14,10,-20.0,12.0,2.0,False,False,True,29
14,11,-18.0,12.0,2.0,False,False,True,28
14,12,-16.0,12.0,2.0,False,False,True,27
14,13,-14.0,12.0,2.0,False,False,True,26
14,14,-12.0,12.0,2.0,False,False,True,25
14,15,-10.0,12.0,2.0,False,False,True,24
14,16,-8.0,12.0,2.0,False,False,False,inf
14,17,-6.0,12.0,2.0,False,False,False,inf
14,18,-4.0,12.0,2.0,False,False,False,inf
14,19,-2.0,12.0,2.0,False,False,False,inf
14,20,0.0,12.0,2.0,False,False,False,inf
14,21,2.0,12.0,2.0,False,False,False,inf
14,22,4.0,12.0,2.0,False,False,False,inf
14,23,6.0,12.0,2.0,False,False,False,inf
14,24,8.0,12.0,2.0,False,False,True,11
14,25,10.0,12.0,2.0,False,False,True,10
14,26,12.0,12.0,2.0,False,False,True,9
14,27,14.0,12.0,2.0,False,False,True,8
14,28,16.0,12.0,2.0,False,False,True,7
14,29,18.0,12.0,2.0,False,False,True,6
14,30,20.0,12.0,2.0,False,False,True,5
14,31,22.0,12.0,2.0,False,False,False,inf
14,32,24.0,12.0,2.0,False,False,True,3
14,33,26.0,12.0,2.0,False,False,True,4
14,34,28.0,12.0,2.0,False,False,True,5
14,35,30.0,12.0,2.0,False,False,True,6
14,36,32.0,12.0,2.0,False,False,True,7
14,37,34.0,12.0,2.0,False,False,True,8
14,38,36.0,12.0,2.0,False,False,True,9
14,39,38.0,12.0,2.0,False,False,False,inf
15,0,-40.0,10.0,2.0,False,False,False,inf
15,1,-38.0,10.0,2.0,False,False,True,39
15,2,-36.0,10.0,2.0,False,False,True,38
15,3,-34.0,10.0,2.0,False,False,True,37
15,4,-32.0,10.0,2.0,False,False,True,36
15,5,-30.0,10.0,2.0,False,False,True,35
15,6,-28.0,10.0,2.0,False,False,True,34
15,7,-26.0,10.0,2.0,False,False,True,33
15,8,-24.0,10.0,2.0,False,False,True,32
15,9,-22.0,10.0,2.0,False,False,True,31
15,10,-20.0,10.0,2.0,False,False,True,30
15,11,-18.0,10.0,2.0,False,False,True,29
15,12,-16.0,10.0,2.0,False,False,True,28
15,13,-14.0,10.0,2.0,False,False,True,27
15,14,-12.0,10.0,2.0,False,False,True,26
15,15,-10.0,10.0,2.0,False,False,False,inf
15,16,-8.0,10.0,2.0,False,False,False,inf
15,17,-6.0,10.0,2.0,False,False,False,inf
15,18,-4.0,10.0,2.0,False,False,False,inf
15,19,-2.0,10.0,2.0,False,False,False,inf
15,20,0.0,10.0,2.0,False,False,False,inf
15,21,2.0,10.0,2.0,False,False,False,inf
15,22,4.0,10.0,2.0,False,False,False,inf
15,23,6.0,10.0,2.0,False,False,False,inf
15,24,8.0,10.0,2.0,False,False,True,12
15,25,10.0,10.0,2.0,False,False,True,11
15,26,12.0,10.0,2.0,False,False,True,10
15,27,14.0,10.0,2.0,False,False,True,9
15,28,16.0,10.0,2.0,False,False,True,8
15,29,18.0,10.0,2.0,False,False,True,7
15,30,20.0,10.0,2.0,False,False,False,inf
15,31,22.0,10.0,2.0,False,False,False,inf
15,32,24.0,10.0,2.0,False,False,False,inf
15,33,26.0,10.0,2.0,False,False,True,5
15,34,28.0,10.0,2.0,False,False,True,6
15,35,30.0,10.0,2.0,False,False,True,7
15,36,32.0,10.0,2.0,False,False,True,8
15,37,34.0,10.0,2.0,False,False,True,9
15,38,36.0,10.0,2.0,False,False,True,10
15,39,38.0,10.0,2.0,False,False,False,inf
16,0,-40.0,8.0,2.0,False,False,False,inf
16,1,-38.0,8.0,2.0,False,False,True,40
16,2,-36.0,8.0,2.0,False,False,True,39
16,3,-34.0,8.0,2.0,False,False,True,38
16,4,-32.0,8.0,2.0,False,False,True,37
16,5,-30.0,8.0,2.0,False,False,False,inf
16,6,-28.0,8.0,2.0,False,False,False,inf
16,7,-26.0,8.0,2.0,False,False,False,inf
16,8,-24.0,8.0,2.0,False,False,True,33
16,9,-22.0,8.0,2.0,False,False,True,32
16,10,-20.0,8.0,2.0,False,False,True,31
16,11,-18.0,8.0,2.0,False,False,True,30
16,12,-16.0,8.0,2.0,False,False,True,29
16,13,-14.0,8.0,2.0,False,False,True,28
16,14,-12.0,8.0,2.0,False,False,False,inf
16,15,-10.0,8.0,2.0,False,False,False,inf
16,16,-8.0,8.0,2.0,False,False,False,inf
16,17,-6.0,8.0,2.0,False,False,False,inf
16,18,-4.0,8.0,2.0,False,False,False,inf
16,19,-2.0,8.0,2.0,False,False,False,inf
16,20,0.0,8.0,2.0,False,False,False,inf
16,21,2.0,8.0,2.0,False,False,False,inf
16,22,4.0,8.0,2.0,False,False,False,inf
16,23,6.0,8.0,2.0,False,False,True,14
16,24,8.0,8.0,2.0,False,False,True,13
16,25,10.0,8.0,2.0,False,False,True,12
16,26,12.0,8.0,2.0,False,False,True,11
16,27,14.0,8.0,2.0,False,False,True,10
16,28,16.0,8.0,2.0,False,False,True,9
16,29,18.0,8.0,2.0,False,False,True,8
16,30,20.0,8.0,2.0,False,False,False,inf
16,31,22.0,8.0,2.0,False,False,False,inf
16,32,24.0,8.0,2.0,False,False,False,inf
16,33,26.0,8.0,2.0,False,False,False,inf
16,34,28.0,8.0,2.0,False,False,True,7
16,35,30.0,8.0,2.0,False,False,True,8
16,36,32.0,8.0,2.0,False,False,True,9
16,37,34.0,8.0,2.0,False,False,True,10
16,38,36.0,8.0,2.0,False,False,True,11
16,39,38.0,8.0,2.0,False,False,False,inf
17,0,-40.0,6.0,2.0,False,False,False,inf
17,1,-38.0,6.0,2.0,False,False,True,inf
17,2,-36.0,6.0,2.0,False,False,True,40
17,3,-34.0,6.0,2.0,False,False,True,39
17,4,-32.0,6.0,2.0,False,False,True,38
17,5,-30.0,6.0,2.0,False,False,False,inf
17,6,-28.0,6.0,2.0,False,False,False,inf
17,7,-26.0,6.0,2.0,False,False,False,inf
17,8,-24.0,6.0,2.0,False,False,True,34
17,9,-22.0,6.0,2.0,False,False,True,33
17,10,-20.0,6.0,2.0,False,False,True,32
17,11,-18.0,6.0,2.0,False,False,True,31
17,12,-16.0,6.0,2.0,False,False,True,30
17,13,-14.0,6.0,2.0,False,False,False,inf
17,14,-12.0,6.0,2.0,False,False,False,inf
17,15,-10.0,6.0,2.0,False,False,False,inf
17,16,-8.0,6.0,2.0,False,False,False,inf
17,17,-6.0,6.0,2.0,False,False,False,inf
17,18,-4.0,6.0,2.0,False,False,False,inf
17,19,-2.0,6.0,2.0,False,False,False,inf
17,20,0.0,6.0,2.0,False,False,False,inf
17,21,2.0,6.0,2.0,False,False,False,inf
17,22,4.0,6.0,2.0,False,False,False,inf
17,23,6.0,6.0,2.0,False,False,False,inf
17,24,8.0,6.0,2.0,False,False,False,inf
17,25,10.0,6.0,2.0,False,False,True,13
17,26,12.0,6.0,2.0,False,False,True,12
17,27,14.0,6.0,2.0,False,False,True,11
17,28,16.0,6.0,2.0,False,False,True,10
17,29,18.0,6.0,2.0,False,False,True,9
17,30,20.0,6.0,2.0,False,False,False,inf
17,31,22.0,6.0,2.0,False,False,False,inf
17,32,24.0,6.0,2.0,False,False,False,inf
17,33,26.0,6.0,2.0,False,False,False,inf
17,34,28.0,6.0,2.0,False,False,True,8
17,35,30.0,6.0,2.0,False,False,True,9
17,36,32.0,6.0,2.0,False,False,True,10
17,37,34.0,6.0,2.0,False,False,True,11
17,38,36.0,6.0,2.0,False,False,True,12
17,39,38.0,6.0,2.0,False,False,False,inf
18,0,-40.0,4.0,2.0,False,False,False,inf
18,1,-38.0,4.0,2.0,False,False,True,inf
18,2,-36.0,4.0,2.0,False,False,True,inf
18,3,-34.0,4.0,2.0,False,False,True,40
18,4,-32.0,4.0,2.0,False,False,True,39
18,5,-30.0,4.0,2.0,False,False,True,40
18,6,-28.0,4.0,2.0,False,False,False,inf
18,7,-26.0,4.0,2.0,False,False,True,36
18,8,-24.0,4.0,2.0,False,False,True,35
18,9,-22.0,4.0,2.0,False,False,True,34
18,10,-20.0,4.0,2.0,False,False,True,33
18,11,-18.0,4.0,2.0,False,False,True,32
18,12,-16.0,4.0,2.0,False,False,False,inf
18,13,-14.0,4.0,2.0,False,False,False,inf
18,14,-12.0,4.0,2.0,False,False,False,inf
18,15,-10.0,4.0,2.0,False,False,False,inf
18,16,-8.0,4.0,2.0,False,False,False,inf
18,17,-6.0,4.0,2.0,False,False,False,inf
18,18,-4.0,4.0,2.0,False,False,False,inf
18,19,-2.0,4.0,2.0,False,False,False,inf
18,20,0.0,4.0,2.0,False,False,False,inf
18,21,2.0,4.0,2.0,False,False,True,24
18,22,4.0,4.0,2.0,False,False,False,inf
18,23,6.0,4.0,2.0,False,False,False,inf
18,24,8.0,4.0,2.0,False,False,False,inf
18,25,10.0,4.0,2.0,False,False,True,14
18,26,12.0,4.0,2.0,False,False,True,13
18,27,14.0,4.0,2.0,False,False,True,12
18,28,16.0,4.0,2.0,False,False,True,11
18,29,18.0,4.0,2.0,False,False,True,10
18,30,20.0,4.0,2.0,False,False,False,inf
18,31,22.0,4.0,2.0,False,False,False,inf
18,32,24.0,4.0,2.0,False,False,False,inf
18,33,26.0,4.0,2.0,False,False,False,inf
18,34,28.0,4.0,2.0,False,False,False,inf
18,35,30.0,4.0,2.0,False,False,True,10
18,36,32.0,4.0,2.0,False,False,True,11
18,37,34.0,4.0,2.0,False,False,True,12
18,38,36.0,4.0,2.0,False,False,True,13
18,39,38.0,4.0,2.0,False,False,False,inf
19,0,-40.0,2.0,2.0,False,False,False,inf
19,1,-38.0,2.0,2.0,False,False,True,inf
19,2,-36.0,2.0,2.0,False,False,True,inf
19,3,-34.0,2.0,2.0,False,False,True,inf
19,4,-32.0,2.0,2.0,False,False,True,40
19,5,-30.0,2.0,2.0,False,False,True,39
19,6,-28.0,2.0,2.0,False,False,True,38
19,7,-26.0,2.0,2.0,False,False,True,37
19,8,-24.0,2.0,2.0,False,False,True,36
19,9,-22.0,2.0,2.0,False,False,True,35
19,10,-20.0,2.0,2.0,False,False,True,34
19,11,-18.0,2.0,2.0,False,False,True,33
19,12,-16.0,2.0,2.0,False,False,False,inf
19,13,-14.0,2.0,2.0,False,False,False,inf
19,14,-12.0,2.0,2.0,False,False,False,inf
19,15,-10.0,2.0,2.0,False,False,False,inf
19,16,-8.0,2.0,2.0,False,False,False,inf
19,17,-6.0,2.0,2.0,False,False,False,inf
19,18,-4.0,2.0,2.0,False,False,False,inf
19,19,-2.0,2.0,2.0,False,False,True,25
19,20,0.0,2.0,2.0,False,False,True,24
19,21,2.0,2.0,2.0,False,False,True,23
19,22,4.0,2.0,2.0,False,False,False,inf
19,23,6.0,2.0,2.0,False,False,False,inf
19,24,8.0,2.0,2.0,False,False,False,inf
19,25,10.0,2.0,2.0,False,False,True,15
19,26,12.0,2.0,2.0,False,False,True,14
19,27,14.0,2.0,2.0,False,False,True,13
19,28,16.0,2.0,2.0,False,False,True,12
19,29,18.0,2.0,2.0,False,False,True,11
19,30,20.0,2.0,2.0,False,False,False,inf
19,31,22.0,2.0,2.0,False,False,False,inf
19,32,24.0,2.0,2.0,False,False,False,inf
19,33,26.0,2.0,2.0,False,False,False,inf
19,34,28.0,2.0,2.0,False,False,False,inf
19,35,30.0,2.0,2.0,False,False,True,11
19,36,32.0,2.0,2.0,False,False,True,12
19,37,34.0,2.0,2.0,False,False,True,13
19,38,36.0,2.0,2.0,False,False,True,14
19,39,38.0,2.0,2.0,False,False,False,inf
20,0,-40.0,0.0,2.0,False,False,False,inf
20,1,-38.0,0.0,2.0,False,False,True,inf
20,2,-36.0,0.0,2.0,False,False,True,inf
20,3,-34.0,0.0,2.0,False,False,True,inf
20,4,-32.0,0.0,2.0,False,False,True,inf
20,5,-30.0,0.0,2.0,False,False,True,40
20,6,-28.0,0.0,2.0,False,False,True,39
20,7,-26.0,0.0,2.0,False,False,True,38
20,8,-24.0,0.0,2.0,False,False,True,37
20,9,-22.0,0.0,2.0,False,False,True,36
20,10,-20.0,0.0,2.0,False,False,True,35
20,11,-18.0,0.0,2.0,False,False,True,34
20,12,-16.0,0.0,2.0,False,False,False,inf
20,13,-14.0,0.0,2.0,False,False,False,inf
20,14,-12.0,0.0,2.0,False,False,False,inf
20,15,-10.0,0.0,2.0,False,False,False,inf
20,16,-8.0,0.0,2.0,False,False,False,inf
20,17,-6.0,0.0,2.0,False,False,False,inf
20,18,-4.0,0.0,2.0,False,False,True,25
20,19,-2.0,0.0,2.0,False,False,True,24
20,20,0.0,0.0,2.0,False,False,True,23
20,21,2.0,0.0,2.0,False,False,True,22
20,22,4.0,0.0,2.0,False,False,False,inf
20,23,6.0,0.0,2.0,False,False,False,inf
20,24,8.0,0.0,2.0,False,False,False,inf
20,25,10.0,0.0,2.0,False,False,True,16
20,26,12.0,0.0,2.0,False,False,True,15
20,27,14.0,0.0,2.0,False,False,True,14
20,28,16.0,0.0,2.0,False,False,True,13
20,29,18.0,0.0,2.0,False,False,True,12
20,30,20.0,0.0,2.0,False,False,False,inf
20,31,22.0,0.0,2.0,False,False,False,inf
20,32,24.0,0.0,2.0,False,False,False,inf
20,33,26.0,0.0,2.0,False,False,False,inf
20,34,28.0,0.0,2.0,False,False,False,inf
20,35,30.0,0.0,2.0,False,False,True,12
20,36,32.0,0.0,2.0,False,False,True,13
20,37,34.0,0.0,2.0,False,False,True,14
20,38,36.0,0.0,2.0,False,False,True,15
20,39,38.0,0.0,2.0,False,False,False,inf
21,0,-40.0,-2.0,2.0,False,False,False,inf
21,1,-38.0,-2.0,2.0,False,False,True,inf
21,2,-36.0,-2.0,2.0,False,False,True,inf
21,3,-34.0,-2.0,2.0,False,False,True,inf
21,4,-32.0,-2.0,2.0,False,False,True,inf
21,5,-30.0,-2.0,2.0,False,False,True,39
21,6,-28.0,-2.0,2.0,False,False,True,38
21,7,-26.0,-2.0,2.0,False,False,True,37
21,8,-24.0,-2.0,2.0,False,False,True,36
21,9,-22.0,-2.0,2.0,False,False,True,35
21,10,-20.0,-2.0,2.0,False,False,True,34
21,11,-18.0,-2.0,2.0,False,False,True,33
21,12,-16.0,-2.0,2.0,False,False,False,inf
21,13,-14.0,-2.0,2.0,False,False,False,inf
21,14,-12.0,-2.0,2.0,False,False,False,inf
21,15,-10.0,-2.0,2.0,False,False,True,27
21,16,-8.0,-2.0,2.0,False,False,True,26
21,17,-6.0,-2.0,2.0,False,False,True,25
21,18,-4.0,-2.0,2.0,False,False,True,24
21,19,-2.0,-2.0,2.0,False,False,True,23
21,20,0.0,-2.0,2.0,False,False,True,22
21,21,2.0,-2.0,2.0,False,False,True,21
21,22,4.0,-2.0,2.0,False,False,True,20
21,23,6.0,-2.0,2.0,False,False,True,19
21,24,8.0,-2.0,2.0,False,False,True,18
21,25,10.0,-2.0,2.0,False,False,True,17
21,26,12.0,-2.0,2.0,False,False,True,16
21,27,14.0,-2.0,2.0,False,False,True,15
21,28,16.0,-2.0,2.0,False,False,True,14
21,29,18.0,-2.0,2.0,False,False,True,13
21,30,20.0,-2.0,2.0,False,False,False,inf
21,31,22.0,-2.0,2.0,False,False,False,inf
21,32,24.0,-2.0,2.0,False,False,False,inf
21,33,26.0,-2.0,2.0,False,False,False,inf
21,34,28.0,-2.0,2.0,False,False,False,inf
21,35,30.0,-2.0,2.0,False,False,False,inf
21,36,32.0,-2.0,2.0,False,False,True,14
21,37,34.0,-2.0,2.0,False,False,True,15
21,38,36.0,-2.0,2.0,False,False,True,16
21,39,38.0,-2.0,2.0,False,False,False,inf
22,0,-40.0,-4.0,2.0,False,False,False,inf
22,1,-38.0,-4.0,2.0,False,False,True,inf
22,2,-36.0,-4.0,2.0,False,False,True,inf
22,3,-34.0,-4.0,2.0,False,False,True,inf
22,4,-32.0,-4.0,2.0,False,False,True,39
22,5,-30.0,-4.0,2.0,False,False,True,38
22,6,-28.0,-4.0,2.0,False,False,True,37
22,7,-26.0,-4.0,2.0,False,False,True,36
22,8,-24.0,-4.0,2.0,False,False,True,35
22,9,-22.0,-4.0,2.0,False,False,True,34
22,10,-20.0,-4.0,2.0,False,False,True,33
22,11,-18.0,-4.0,2.0,False,False,True,32
22,12,-16.0,-4.0,2.0,False,False,True,31
22,13,-14.0,-4.0,2.0,False,False,True,30
22,14,-12.0,-4.0,2.0,False,False,True,29
22,15,-10.0,-4.0,2.0,False,False,True,28
22,16,-8.0,-4.0,2.0,False,False,True,27
22,17,-6.0,-4.0,2.0,False,False,True,26
22,18,-4.0,-4.0,2.0,False,False,True,25
22,19,-2.0,-4.0,2.0,False,False,True,24
22,20,0.0,-4.0,2.0,False,False,True,23
22,21,2.0,-4.0,2.0,False,False,True,22
22,22,4.0,-4.0,2.0,False,False,True,21
22,23,6.0,-4.0,2.0,False,False,True,20
22,24,8.0,-4.0,2.0,False,False,True,19
22,25,10.0,-4.0,2.0,False,False,True,18
22,26,12.0,-4.0,2.0,False,False,True,17
22,27,14.0,-4.0,2.0,False,False,True,16
22,28,16.0,-4.0,2.0,False,False,True,15
22,29,18.0,-4.0,2.0,False,False,True,14
22,30,20.0,-4.0,2.0,False,False,False,inf
22,31,22.0,-4.0,2.0,False,False,False,inf
22,32,24.0,-4.0,2.0,False,False,False,inf
22,33,26.0,-4.0,2.0,False,False,False,inf
22,34,28.0,-4.0,2.0,False,False,False,inf
22,35,30.0,-4.0,2.0,False,False,False,inf
22,36,32.0,-4.0,2.0,False,False,True,15
22,37,34.0,-4.0,2.0,False,False,True,16
22,38,36.0,-4.0,2.0,False,False,True,17
22,39,38.0,-4.0,2.0,False,False,False,inf
23,0,-40.0,-6.0,2.0,False,False,False,inf
23,1,-38.0,-6.0,2.0,False,False,True,inf
23,2,-36.0,-6.0,2.0,False,False,True,inf
23,3,-34.0,-6.0,2.0,False,False,True,inf
23,4,-32.0,-6.0,2.0,False,False,False,inf
23,5,-30.0,-6.0,2.0,False,False,False,inf
23,6,-28.0,-6.0,2.0,False,False,False,inf
23,7,-26.0,-6.0,2.0,False,False,False,inf
23,8,-24.0,-6.0,2.0,False,False,False,inf
23,9,-22.0,-6.0,2.0,False,False,True,35
23,10,-20.0,-6.0,2.0,False,False,True,34
23,11,-18.0,-6.0,2.0,False,False,True,33
23,12,-16.0,-6.0,2.0,False,False,True,32
23,13,-14.0,-6.0,2.0,False,False,True,31
23,14,-12.0,-6.0,2.0,False,False,True,30
23,15,-10.0,-6.0,2.0,False,False,True,29
23,16,-8.0,-6.0,2.0,False,False,True,28
23,17,-6.0,-6.0,2.0,False,False,True,27
23,18,-4.0,-6.0,2.0,False,False,True,26
23,19,-2.0,-6.0,2.0,False,False,True,25
23,20,0.0,-6.0,2.0,False,False,True,24
23,21,2.0,-6.0,2.0,False,False,True,23
23,22,4.0,-6.0,2.0,False,False,True,22
23,23,6.0,-6.0,2.0,False,False,True,21
23,24,8.0,-6.0,2.0,False,False,True,20
23,25,10.0,-6.0,2.0,False,False,True,19
23,26,12.0,-6.0,2.0,False,False,True,18
23,27,14.0,-6.0,2.0,False,False,True,17
23,28,16.0,-6.0,2.0,False,False,True,16
23,29,18.0,-6.0,2.0,False,False,True,15
23,30,20.0,-6.0,2.0,False,False,False,inf
23,31,22.0,-6.0,2.0,False,False,False,inf
23,32,24.0,-6.0,2.0,False,False,False,inf
23,33,26.0,-6.0,2.0,False,False,False,inf
23,34,28.0,-6.0,2.0,False,False,False,inf
23,35,30.0,-6.0,2.0,False,False,False,inf
23,36,32.0,-6.0,2.0,False,False,True,16
23,37,34.0,-6.0,2.0,False,False,True,17
23,38,36.0,-6.0,2.0,False,False,True,18
23,39,38.0,-6.0,2.0,False,False,False,inf
24,0,-40.0,-8.0,2.0,False,False,False,inf
24,1,-38.0,-8.0,2.0,False,False,True,inf
24,2,-36.0,-8.0,2.0,False,False,True,inf
24,3,-34.0,-8.0,2.0,False,False,False,inf
24,4,-32.0,-8.0,2.0,False,False,False,inf
24,5,-30.0,-8.0,2.0,False,False,False,inf
24,6,-28.0,-8.0,2.0,False,False,False,inf
24,7,-26.0,-8.0,2.0,False,False,False,inf
24,8,-24.0,-8.0,2.0,False,False,False,inf
24,9,-22.0,-8.0,2.0,False,False,False,inf
24,10,-20.0,-8.0,2.0,False,False,True,35
24,11,-18.0,-8.0,2.0,False,False,True,34
24,12,-16.0,-8.0,2.0,False,False,True,33
24,13,-14.0,-8.0,2.0,False,False,True,32
24,14,-12.0,-8.0,2.0,False,False,True,31
24,15,-10.0,-8.0,2.0,False,False,True,30
24,16,-8.0,-8.0,2.0,False,False,True,29
24,17,-6.0,-8.0,2.0,False,False,True,28
24,18,-4.0,-8.0,2.0,False,False,True,27
24,19,-2.0,-8.0,2.0,False,False,True,26
24,20,0.0,-8.0,2.0,False,False,True,25
24,21,2.0,-8.0,2.0,False,False,True,24
24,22,4.0,-8.0,2.0,False,False,True,23
24,23,6.0,-8.0,2.0,False,False,True,22
24,24,8.0,-8.0,2.0,False,False,True,21
24,25,10.0,-8.0,2.0,False,False,True,20
24,26,12.0,-8.0,2.0,False,False,True,19
24,27,14.0,-8.0,2.0,False,False,True,18
24,28,16.0,-8.0,2.0,False,False,True,17
24,29,18.0,-8.0,2.0,False,False,True,16
24,30,20.0,-8.0,2.0,False,False,True,17
24,31,22.0,-8.0,2.0,False,False,False,inf
24,32,24.0,-8.0,2.0,False,False,False,inf
24,33,26.0,-8.0,2.0,False,False,False,inf
24,34,28.0,-8.0,2.0,False,False,False,inf
24,35,30.0,-8.0,2.0,False,False,False,inf
24,36,32.0,-8.0,2.0,False,False,True,17
24,37,34.0,-8.0,2.0,False,False,True,18
24,38,36.0,-8.0,2.0,False,False,True,19
24,39,38.0,-8.0,2.0,False,False,False,inf
25,0,-40.0,-10.0,2.0,False,False,False,inf
25,1,-38.0,-10.0,2.0,False,False,True,inf
25,2,-36.0,-10.0,2.0,False,False,True,inf
25,3,-34.0,-10.0,2.0,False,False,False,inf
25,4,-32.0,-10.0,2.0,False,False,False,inf
25,5,-30.0,-10.0,2.0,False,False,False,inf
25,6,-28.0,-10.0,2.0,False,False,False,inf
25,7,-26.0,-10.0,2.0,False,False,False,inf
25,8,-24.0,-10.0,2.0,False,False,False,inf
25,9,-22.0,-10.0,2.0,False,False,False,inf
25,10,-20.0,-10.0,2.0,False,False,True,36
25,11,-18.0,-10.0,2.0,False,False,True,35
25,12,-16.0,-10.0,2.0,False,False,False,inf
25,13,-14.0,-10.0,2.0,False,False,False,inf
25,14,-12.0,-10.0,2.0,False,False,True,32
25,15,-10.0,-10.0,2.0,False,False,True,31
25,16,-8.0,-10.0,2.0,False,False,True,30
25,17,-6.0,-10.0,2.0,False,False,True,29
25,18,-4.0,-10.0,2.0,False,False,True,28
25,19,-2.0,-10.0,2.0,False,False,True,27
25,20,0.0,-10.0,2.0,False,False,True,26
25,21,2.0,-10.0,2.0,False,False,True,25
25,22,4.0,-10.0,2.0,False,False,True,24
25,23,6.0,-10.0,2.0,False,False,True,23
25,24,8.0,-10.0,2.0,False,False,True,22
25,25,10.0,-10.0,2.0,False,False,True,21
25,26,12.0,-10.0,2.0,False,False,True,20
25,27,14.0,-10.0,2.0,False,False,True,19
25,28,16.0,-10.0,2.0,False,False,True,18
25,29,18.0,-10.0,2.0,False,False,True,17
25,30,20.0,-10.0,2.0,False,False,True,18
25,31,22.0,-10.0,2.0,False,False,False,inf
25,32,24.0,-10.0,2.0,False,False,False,inf
25,33,26.0,-10.0,2.0,False,False,False,inf
25,34,28.0,-10.0,2.0,False,False,False,inf
25,35,30.0,-10.0,2.0,False,False,False,inf
25,36,32.0,-10.0,2.0,False,False,True,18
25,37,34.0,-10.0,2.0,False,False,True,19
25,38,36.0,-10.0,2.0,False,False,True,20
25,39,38.0,-10.0,2.0,False,False,False,inf
26,0,-40.0,-12.0,2.0,False,False,False,inf
26,1,-38.0,-12.0,2.0,False,False,True,inf
26,2,-36.0,-12.0,2.0,False,False,True,inf
26,3,-34.0,-12.0,2.0,False,False,False,inf
26,4,-32.0,-12.0,2.0,False,False,False,inf
26,5,-30.0,-12.0,2.0,False,False,False,inf
26,6,-28.0,-12.0,2.0,False,False,False,inf
26,7,-26.0,-12.0,2.0,False,False,False,inf
26,8,-24.0,-12.0,2.0,False,False,False,inf
26,9,-22.0,-12.0,2.0,False,False,False,inf
26,10,-20.0,-12.0,2.0,False,False,True,37
26,11,-18.0,-12.0,2.0,False,False,True,36
26,12,-16.0,-12.0,2.0,False,False,False,inf
26,13,-14.0,-12.0,2.0,False,False,False,inf
26,14,-12.0,-12.0,2.0,False,False,True,33
26,15,-10.0,-12.0,2.0,False,False,True,32
26,16,-8.0,-12.0,2.0,False,False,True,31
26,17,-6.0,-12.0,2.0,False,False,True,30
26,18,-4.0,-12.0,2.0,False,False,True,29
26,19,-2.0,-12.0,2.0,False,False,True,28
26,20,0.0,-12.0,2.0,False,False,True,27
26,21,2.0,-12.0,2.0,False,False,False,inf
26,22,4.0,-12.0,2.0,False,False,False,inf
26,23,6.0,-12.0,2.0,False,False,True,24
26,24,8.0,-12.0,2.0,False,False,True,23
26,25,10.0,-12.0,2.0,False,False,True,22
26,26,12.0,-12.0,2.0,False,False,True,21
26,27,14.0,-12.0,2.0,False,False,True,20
26,28,16.0,-12.0,2.0,False,False,True,19
26,29,18.0,-12.0,2.0,False,False,True,18
26,30,20.0,-12.0,2.0,False,False,True,19
26,31,22.0,-12.0,2.0,False,False,False,inf
26,32,24.0,-12.0,2.0,False,False,False,inf
26,33,26.0,-12.0,2.0,False,False,False,inf
26,34,28.0,-12.0,2.0,False,False,False,inf
26,35,30.0,-12.0,2.0,False,False,False,inf
26,36,32.0,-12.0,2.0,False,False,True,19
26,37,34.0,-12.0,2.0,False,False,True,20
26,38,36.0,-12.0,2.0,False,False,True,21
26,39,38.0,-12.0,2.0,False,False,False,inf
27,0,-40.0,-14.0,2.0,False,False,False,inf
27,1,-38.0,-14.0,2.0,False,False,True,inf
27,2,-36.0,-14.0,2.0,False,False,True,inf
27,3,-34.0,-14.0,2.0,False,False,False,inf
27,4,-32.0,-14.0,2.0,False,False,False,inf
27,5,-30.0,-14.0,2.0,False,False,False,inf
27,6,-28.0,-14.0,2.0,False,False,False,inf
27,7,-26.0,-14.0,2.0,False,False,False,inf
27,8,-24.0,-14.0,2.0,False,False,False,inf
27,9,-22.0,-14.0,2.0,False,False,False,inf
27,10,-20.0,-14.0,2.0,False,False,True,38
27,11,-18.0,-14.0,2.0,False,False,True,37
27,12,-16.0,-14.0,2.0,False,False,False,inf
27,13,-14.0,-14.0,2.0,False,False,False,inf
27,14,-12.0,-14.0,2.0,False,False,True,34
27,15,-10.0,-14.0,2.0,False,False,True,33
27,16,-8.0,-14.0,2.0,False,False,True,32
27,17,-6.0,-14.0,2.0,False,False,True,31
27,18,-4.0,-14.0,2.0,False,False,True,30
27,19,-2.0,-14.0,2.0,False,False,True,29
27,20,0.0,-14.0,2.0,False,False,False,inf
27,21,2.0,-14.0,2.0,False,False,False,inf
27,22,4.0,-14.0,2.0,False,False,False,inf
27,23,6.0,-14.0,2.0,False,False,True,25
27,24,8.0,-14.0,2.0,False,False,True,24
27,25,10.0,-14.0,2.0,False,False,True,23
27,26,12.0,-14.0,2.0,False,False,True,22
27,27,14.0,-14.0,2.0,False,False,True,21
27,28,16.0,-14.0,2.0,False,False,True,20
27,29,18.0,-14.0,2.0,False,False,True,19
27,30,20.0,-14.0,2.0,False,False,True,20
27,31,22.0,-14.0,2.0,False,False,True,21
27,32,24.0,-14.0,2.0,False,False,False,inf
27,33,26.0,-14.0,2.0,False,False,False,inf
27,34,28.0,-14.0,2.0,False,False,False,inf
27,35,30.0,-14.0,2.0,False,False,False,inf
27,36,32.0,-14.0,2.0,False,False,True,20
27,37,34.0,-14.0,2.0,False,False,True,21
27,38,36.0,-14.0,2.0,False,False,True,22
27,39,38.0,-14.0,2.0,False,False,False,inf
28,0,-40.0,-16.0,2.0,False,False,False,inf
28,1,-38.0,-16.0,2.0,False,False,True,inf
28,2,-36.0,-16.0,2.0,False,False,True,inf
28,3,-34.0,-16.0,2.0,False,False,False,inf
28,4,-32.0,-16.0,2.0,False,False,False,inf
28,5,-30.0,-16.0,2.0,False,False,False,inf
28,6,-28.0,-16.0,2.0,False,False,False,inf
28,7,-26.0,-16.0,2.0,False,False,False,inf
28,8,-24.0,-16.0,2.0,False,False,False,inf
28,9,-22.0,-16.0,2.0,False,False,False,inf
28,10,-20.0,-16.0,2.0,False,False,True,39
28,11,-18.0,-16.0,2.0,False,False,True,38
28,12,-16.0,-16.0,2.0,False,False,True,37
28,13,-14.0,-16.0,2.0,False,False,True,36
28,14,-12.0,-16.0,2.0,False,False,True,35
28,15,-10.0,-16.0,2.0,False,False,True,34
28,16,-8.0,-16.0,2.0,False,False,True,33
28,17,-6.0,-16.0,2.0,False,False,True,32
28,18,-4.0,-16.0,2.0,False,False,True,31
28,19,-2.0,-16.0,2.0,False,False,True,30
28,20,0.0,-16.0,2.0,False,False,True,31
28,21,2.0,-16.0,2.0,False,False,False,inf
28,22,4.0,-16.0,2.0,False,False,False,inf
28,23,6.0,-16.0,2.0,False,False,True,26
28,24,8.0,-16.0,2.0,False,False,True,25
28,25,10.0,-16.0,2.0,False,False,True,24
28,26,12.0,-16.0,2.0,False,False,True,23
28,27,14.0,-16.0,2.0,False,False,True,22
28,28,16.0,-16.0,2.0,False,False,True,21
28,29,18.0,-16.0,2.0,False,False,True,20
28,30,20.0,-16.0,2.0,False,False,True,21
28,31,22.0,-16.0,2.0,False,False,True,22
28,32,24.0,-16.0,2.0,False,False,False,inf
28,33,26.0,-16.0,2.0,False,False,False,inf
28,34,28.0,-16.0,2.0,False,False,False,inf
28,35,30.0,-16.0,2.0,False,False,True,22
28,36,32.0,-16.0,2.0,False,False,True,21
28,37,34.0,-16.0,2.0,False,False,True,22
28,38,36.0,-16.0,2.0,False,False,True,23
28,39,38.0,-16.0,2.0,False,False,False,inf
29,0,-40.0,-18.0,2.0,False,False,False,inf
29,1,-38.0,-18.0,2.0,False,False,True,inf
29,2,-36.0,-18.0,2.0,False,False,True,inf
29,3,-34.0,-18.0,2.0,False,False,True,inf
29,4,-32.0,-18.0,2.0,False,False,False,inf
29,5,-30.0,-18.0,2.0,False,False,False,inf
29,6,-28.0,-18.0,2.0,False,False,False,inf
29,7,-26.0,-18.0,2.0,False,False,False,inf
29,8,-24.0,-18.0,2.0,False,False,False,inf
29,9,-22.0,-18.0,2.0,False,False,True,inf
29,10,-20.0,-18.0,2.0,True,False,True,40
29,11,-18.0,-18.0,2.0,False,False,True,39
29,12,-16.0,-18.0,2.0,False,False,True,38
29,13,-14.0,-18.0,2.0,False,False,True,37
29,14,-12.0,-18.0,2.0,False,False,True,36
29,15,-10.0,-18.0,2.0,False,False,True,35
29,16,-8.0,-18.0,2.0,False,False,True,34
29,17,-6.0,-18.0,2.0,False,False,True,33
29,18,-4.0,-18.0,2.0,False,False,True,32
29,19,-2.0,-18.0,2.0,False,False,True,31
29,20,0.0,-18.0,2.0,False,False,True,30
29,21,2.0,-18.0,2.0,False,False,True,29
29,22,4.0,-18.0,2.0,False,False,True,28
29,23,6.0,-18.0,2.0,False,False,True,27
29,24,8.0,-18.0,2.0,False,False,True,26
29,25,10.0,-18.0,2.0,False,False,True,25
29,26,12.0,-18.0,2.0,False,False,True,24
29,27,14.0,-18.0,2.0,False,False,True,23
29,28,16.0,-18.0,2.0,False,False,True,22
29,29,18.0,-18.0,2.0,False,False,True,21
29,30,20.0,-18.0,2.0,False,False,True,22
29,31,22.0,-18.0,2.0,False,False,True,23
29,32,24.0,-18.0,2.0,False,False,True,24
29,33,26.0,-18.0,2.0,False,False,True,25
29,34,28.0,-18.0,2.0,False,False,True,24
29,35,30.0,-18.0,2.0,False,False,True,23
29,36,32.0,-18.0,2.0,False,False,True,22
29,37,34.0,-18.0,2.0,False,False,True,23
29,38,36.0,-18.0,2.0,False,False,True,24
29,39,38.0,-18.0,2.0,False,False,False,inf
30,0,-40.0,-20.0,2.0,False,False,False,inf
30,1,-38.0,-20.0,2.0,False,False,True,inf
30,2,-36.0,-20.0,2.0,False,False,True,inf
30,3,-34.0,-20.0,2.0,False,False,True,inf
30,4,-32.0,-20.0,2.0,False,False,True,inf
30,5,-30.0,-20.0,2.0,False,False,True,inf
30,6,-28.0,-20.0,2.0,False,False,True,inf
30,7,-26.0,-20.0,2.0,False,False,True,inf
30,8,-24.0,-20.0,2.0,False,False,True,inf
30,9,-22.0,-20.0,2.0,False,False,True,inf
30,10,-20.0,-20.0,2.0,True,False,True,inf
30,11,-18.0,-20.0,2.0,False,False,True,40
30,12,-16.0,-20.0,2.0,False,False,True,39
30,13,-14.0,-20.0,2.0,False,False,True,38
30,14,-12.0,-20.0,2.0,False,False,True,37
30,15,-10.0,-20.0,2.0,False,False,True,36
30,16,-8.0,-20.0,2.0,False,False,True,35
30,17,-6.0,-20.0,2.0,False,False,True,34
30,18,-4.0,-20.0,2.0,False,False,True,33
30,19,-2.0,-20.0,2.0,False,False,True,32
30,20,0.0,-20.0,2.0,False,False,True,31
30,21,2.0,-20.0,2.0,False,False,True,30
30,22,4.0,-20.0,2.0,False,False,False,inf
30,23,6.0,-20.0,2.0,False,False,False,inf
30,24,8.0,-20.0,2.0,False,False,False,inf
30,25,10.0,-20.0,2.0,False,False,False,inf
30,26,12.0,-20.0,2.0,False,False,False,inf
30,27,14.0,-20.0,2.0,False,False,False,inf
30,28,16.0,-20.0,2.0,False,False,False,inf
30,29,18.0,-20.0,2.0,False,False,False,inf
30,30,20.0,-20.0,2.0,False,False,False,inf
30,31,22.0,-20.0,2.0,False,False,False,inf
30,32,24.0,-20.0,2.0,False,False,True,25
30,33,26.0,-20.0,2.0,False,False,True,26
30,34,28.0,-20.0,2.0,False,False,True,25
30,35,30.0,-20.0,2.0,False,False,True,24
30,36,32.0,-20.0,2.0,False,False,True,23
30,37,34.0,-20.0,2.0,False,False,True,24
30,38,36.0,-20.0,2.0,False,False,True,25
30,39,38.0,-20.0,2.0,False,False,False,inf
31,0,-40.0,-22.0,2.0,False,False,False,inf
31,1,-38.0,-22.0,2.0,False,False,True,inf
31,2,-36.0,-22.0,2.0,False,False,True,inf
31,3,-34.0,-22.0,2.0,False,False,True,inf
31,4,-32.0,-22.0,2.0,False,False,True,inf
31,5,-30.0,-22.0,2.0,False,False,True,inf
31,6,-28.0,-22.0,2.0,False,False,True,inf
31,7,-26.0,-22.0,2.0,False,False,True,inf
31,8,-24.0,-22.0,2.0,False,False,True,inf
31,9,-22.0,-22.0,2.0,False,False,True,inf
31,10,-20.0,-22.0,2.0,False,False,True,inf
31,11,-18.0,-22.0,2.0,False,False,True,inf
31,12,-16.0,-22.0,2.0,False,False,True,40
31,13,-14.0,-22.0,2.0,False,False,True,39
31,14,-12.0,-22.0,2.0,False,False,True,38
31,15,-10.0,-22.0,2.0,False,False,True,37
31,16,-8.0,-22.0,2.0,False,False,True,36
31,17,-6.0,-22.0,2.0,False,False,True,35
31,18,-4.0,-22.0,2.0,False,False,True,34
31,19,-2.0,-22.0,2.0,False,False,True,33
31,20,0.0,-22.0,2.0,False,False,False,inf
31,21,2.0,-22.0,2.0,False,False,False,inf
31,22,4.0,-22.0,2.0,False,False,False,inf
31,23,6.0,-22.0,2.0,False,False,False,inf
31,24,8.0,-22.0,2.0,False,False,False,inf
31,25,10.0,-22.0,2.0,False,False,False,inf
31,26,12.0,-22.0,2.0,False,False,False,inf
31,27,14.0,-22.0,2.0,False,False,False,inf
31,28,16.0,-22.0,2.0,False,False,False,inf
31,29,18.0,-22.0,2.0,False,False,False,inf
31,30,20.0,-22.0,2.0,False,False,False,inf
31,31,22.0,-22.0,2.0,False,False,False,inf
31,32,24.0,-22.0,2.0,False,False,False,inf
31,33,26.0,-22.0,2.0,False,False,False,inf
31,34,28.0,-22.0,2.0,False,False,False,inf
31,35,30.0,-22.0,2.0,False,False,True,25
31,36,32.0,-22.0,2.0,False,False,True,24
31,37,34.0,-22.0,2.0,False,False,True,25
31,38,36.0,-22.0,2.0,False,False,True,26
31,39,38.0,-22.0,2.0,False,False,False,inf
32,0,-40.0,-24.0,2.0,False,False,False,inf
32,1,-38.0,-24.0,2.0,False,False,True,inf
32,2,-36.0,-24.0,2.0,False,False,True,inf
32,3,-34.0,-24.0,2.0,False,False,True,inf
32,4,-32.0,-24.0,2.0,False,False,True,inf
32,5,-30.0,-24.0,2.0,False,False,True,inf
32,6,-28.0,-24.0,2.0,False,False,True,inf
32,7,-26.0,-24.0,2.0,False,False,True,inf
32,8,-24.0,-24.0,2.0,False,False,True,inf
32,9,-22.0,-24.0,2.0,False,False,True,inf
32,10,-20.0,-24.0,2.0,False,False,True,inf
32,11,-18.0,-24.0,2.0,False,False,True,inf
32,12,-16.0,-24.0,2.0,False,False,True,inf
32,13,-14.0,-24.0,2.0,False,False,True,40
32,14,-12.0,-24.0,2.0,False,False,True,39
32,15,-10.0,-24.0,2.0,False,False,True,38
32,16,-8.0,-24.0,2.0,False,False,True,37
32,17,-6.0,-24.0,2.0,False,False,True,36
32,18,-4.0,-24.0,2.0,False,False,True,35
32,19,-2.0,-24.0,2.0,False,False,False,inf
32,20,0.0,-24.0,2.0,False,False,False,inf
32,21,2.0,-24.0,2.0,False,False,False,inf
32,22,4.0,-24.0,2.0,False,False,False,inf
32,23,6.0,-24.0,2.0,False,False,False,inf
32,24,8.0,-24.0,2.0,False,False,False,inf
32,25,10.0,-24.0,2.0,False,False,False,inf
32,26,12.0,-24.0,2.0,False,False,False,inf
32,27,14.0,-24.0,2.0,False,False,False,inf
32,28,16.0,-24.0,2.0,False,False,False,inf
32,29,18.0,-24.0,2.0,False,False,False,inf
32,30,20.0,-24.0,2.0,False,False,False,inf
32,31,22.0,-24.0,2.0,False,False,False,inf
32,32,24.0,-24.0,2.0,False,False,False,inf
32,33,26.0,-24.0,2.0,False,False,False,inf
32,34,28.0,-24.0,2.0,False,False,False,inf
32,35,30.0,-24.0,2.0,False,False,False,inf
32,36,32.0,-24.0,2.0,False,False,True,25
32,37,34.0,-24.0,2.0,False,False,True,26
32,38,36.0,-24.0,2.0,False,False,True,27
32,39,38.0,-24.0,2.0,False,False,False,inf
33,0,-40.0,-26.0,2.0,False,False,False,inf
33,1,-38.0,-26.0,2.0,False,False,True,inf
33,2,-36.0,-26.0,2.0,False,False,True,inf
33,3,-34.0,-26.0,2.0,False,False,True,inf
33,4,-32.0,-26.0,2.0,False,False,True,inf
33,5,-30.0,-26.0,2.0,False,False,True,inf
33,6,-28.0,-26.0,2.0,False,False,True,inf
33,7,-26.0,-26.0,2.0,False,False,True,inf
33,8,-24.0,-26.0,2.0,False,False,True,inf
33,9,-22.0,-26.0,2.0,False,False,True,inf
33,10,-20.0,-26.0,2.0,False,False,True,inf
33,11,-18.0,-26.0,2.0,False,False,False,inf
33,12,-16.0,-26.0,2.0,False,False,False,inf
33,13,-14.0,-26.0,2.0,False,False,True,inf
33,14,-12.0,-26.0,2.0,False,False,True,40
33,15,-10.0,-26.0,2.0,False,False,True,39
33,16,-8.0,-26.0,2.0,False,False,True,38
33,17,-6.0,-26.0,2.0,False,False,True,37
33,18,-4.0,-26.0,2.0,False,False,False,inf
33,19,-2.0,-26.0,2.0,False,False,False,inf
33,20,0.0,-26.0,2.0,False,False,False,inf
33,21,2.0,-26.0,2.0,False,False,False,inf
33,22,4.0,-26.0,2.0,False,False,False,inf
33,23,6.0,-26.0,2.0,False,False,False,inf
33,24,8.0,-26.0,2.0,False,False,False,inf
33,25,10.0,-26.0,2.0,False,False,False,inf
33,26,12.0,-26.0,2.0,False,False,False,inf
33,27,14.0,-26.0,2.0,False,False,False,inf
33,28,16.0,-26.0,2.0,False,False,False,inf
33,29,18.0,-26.0,2.0,False,False,False,inf
33,30,20.0,-26.0,2.0,False,False,False,inf
33,31,22.0,-26.0,2.0,False,False,False,inf
33,32,24.0,-26.0,2.0,False,False,False,inf
33,33,26.0,-26.0,2.0,False,False,False,inf
33,34,28.0,-26.0,2.0,False,False,False,inf
33,35,30.0,-26.0,2.0,False,False,False,inf
33,36,32.0,-26.0,2.0,False,False,True,26
33,37,34.0,-26.0,2.0,False,False,True,27
33,38,36.0,-26.0,2.0,False,False,True,28
33,39,38.0,-26.0,2.0,False,False,False,inf
34,0,-40.0,-28.0,2.0,False,False,False,inf
34,1,-38.0,-28.0,2.0,False,False,True,inf
34,2,-36.0,-28.0,2.0,False,False,True,inf
34,3,-34.0,-28.0,2.0,False,False,True,inf
34,4,-32.0,-28.0,2.0,False,False,True,inf
34,5,-30.0,-28.0,2.0,False,False,True,inf
34,6,-28.0,-28.0,2.0,False,False,True,inf
34,7,-26.0,-28.0,2.0,False,False,True,inf
34,8,-24.0,-28.0,2.0,False,False,True,inf
34,9,-22.0,-28.0,2.0,False,False,True,inf
34,10,-20.0,-28.0,2.0,False,False,False,inf
34,11,-18.0,-28.0,2.0,False,False,False,inf
34,12,-16.0,-28.0,2.0,False,False,False,inf
34,13,-14.0,-28.0,2.0,False,False,False,inf
34,14,-12.0,-28.0,2.0,False,False,True,inf
34,15,-10.0,-28.0,2.0,False,False,True,40
34,16,-8.0,-28.0,2.0,False,False,True,39
34,17,-6.0,-28.0,2.0,False,False,True,38
34,18,-4.0,-28.0,2.0,False,False,False,inf
34,19,-2.0,-28.0,2.0,False,False,False,inf
34,20,0.0,-28.0,2.0,False,False,False,inf
34,21,2.0,-28.0,2.0,False,False,False,inf
34,22,4.0,-28.0,2.0,False,False,False,inf
34,23,6.0,-28.0,2.0,False,False,False,inf
34,24,8.0,-28.0,2.0,False,False,False,inf
34,25,10.0,-28.0,2.0,False,False,False,inf
34,26,12.0,-28.0,2.0,False,False,False,inf
34,27,14.0,-28.0,2.0,False,False,False,inf
34,28,16.0,-28.0,2.0,False,False,False,inf
34,29,18.0,-28.0,2.0,False,False,False,inf
34,30,20.0,-28.0,2.0,False,False,False,inf
34,31,22.0,-28.0,2.0,False,False,False,inf
34,32,24.0,-28.0,2.0,False,False,False,inf
34,33,26.0,-28.0,2.0,False,False,False,inf
34,34,28.0,-28.0,2.0,False,False,False,inf
34,35,30.0,-28.0,2.0,False,False,False,inf
34,36,32.0,-28.0,2.0,False,False,True,27
34,37,34.0,-28.0,2.0,False,False,True,28
34,38,36.0,-28.0,2.0,False,False,True,29
34,39,38.0,-28.0,2.0,False,False,False,inf
35,0,-40.0,-30.0,2.0,False,False,False,inf
35,1,-38.0,-30.0,2.0,False,False,True,inf
35,2,-36.0,-30.0,2.0,False,False,True,inf
35,3,-34.0,-30.0,2.0,False,False,True,inf
35,4,-32.0,-30.0,2.0,False,False,True,inf
35,5,-30.0,-30.0,2.0,False,False,True,inf
35,6,-28.0,-30.0,2.0,False,False,True,inf
35,7,-26.0,-30.0,2.0,False,False,True,inf
35,8,-24.0,-30.0,2.0,False,False,True,inf
35,9,-22.0,-30.0,2.0,False,False,False,inf
35,10,-20.0,-30.0,2.0,False,False,False,inf
35,11,-18.0,-30.0,2.0,False,False,False,inf
35,12,-16.0,-30.0,2.0,False,False,False,inf
35,13,-14.0,-30.0,2.0,False,False,False,inf
35,14,-12.0,-30.0,2.0,False,False,True,inf
35,15,-10.0,-30.0,2.0,False,False,True,inf
35,16,-8.0,-30.0,2.0,False,False,True,40
35,17,-6.0,-30.0,2.0,False,False,True,39
35,18,-4.0,-30.0,2.0,False,False,True,40
35,19,-2.0,-30.0,2.0,False,False,False,inf
35,20,0.0,-30.0,2.0,False,False,False,inf
35,21,2.0,-30.0,2.0,False,False,False,inf
35,22,4.0,-30.0,2.0,False,False,False,inf
35,23,6.0,-30.0,2.0,False,False,False,inf
35,24,8.0,-30.0,2.0,False,False,False,inf
35,25,10.0,-30.0,2.0,False,False,False,inf
35,26,12.0,-30.0,2.0,False,False,False,inf
35,27,14.0,-30.0,2.0,False,False,False,inf
35,28,16.0,-30.0,2.0,False,False,False,inf
35,29,18.0,-30.0,2.0,False,False,False,inf
35,30,20.0,-30.0,2.0,False,False,False,inf
35,31,22.0,-30.0,2.0,False,False,False,inf
35,32,24.0,-30.0,2.0,False,False,False,inf
35,33,26.0,-30.0,2.0,False,False,False,inf
35,34,28.0,-30.0,2.0,False,False,False,inf
35,35,30.0,-30.0,2.0,False,False,False,inf
35,36,32.0,-30.0,2.0,False,False,True,28
35,37,34.0,-30.0,2.0,False,False,True,29
35,38,36.0,-30.0,2.0,False,False,True,30
35,39,38.0,-30.0,2.0,False,False,False,inf
36,0,-40.0,-32.0,2.0,False,False,False,inf
36,1,-38.0,-32.0,2.0,False,False,True,inf
36,2,-36.0,-32.0,2.0,False,False,True,inf
36,3,-34.0,-32.0,2.0,False,False,True,inf
36,4,-32.0,-32.0,2.0,False,False,True,inf
36,5,-30.0,-32.0,2.0,False,False,True,inf
36,6,-28.0,-32.0,2.0,False,False,True,inf
36,7,-26.0,-32.0,2.0,False,False,True,inf
36,8,-24.0,-32.0,2.0,False,False,True,inf
36,9,-22.0,-32.0,2.0,False,False,False,inf
36,10,-20.0,-32.0,2.0,False,False,False,inf
36,11,-18.0,-32.0,2.0,False,False,False,inf
36,12,-16.0,-32.0,2.0,False,False,False,inf
36,13,-14.0,-32.0,2.0,False,False,False,inf
36,14,-12.0,-32.0,2.0,False,False,True,inf
36,15,-10.0,-32.0,2.0,False,False,True,inf
36,16,-8.0,-32.0,2.0,False,False,True,inf
36,17,-6.0,-32.0,2.0,False,False,True,40
36,18,-4.0,-32.0,2.0,False,False,True,inf
36,19,-2.0,-32.0,2.0,False,False,True,inf
36,20,0.0,-32.0,2.0,False,False,False,inf
36,21,2.0,-32.0,2.0,False,False,False,inf
36,22,4.0,-32.0,2.0,False,False,False,inf
36,23,6.0,-32.0,2.0,False,False,False,inf
36,24,8.0,-32.0,2.0,False,False,False,inf
36,25,10.0,-32.0,2.0,False,False,False,inf
36,26,12.0,-32.0,2.0,False,False,False,inf
36,27,14.0,-32.0,2.0,False,False,False,inf
36,28,16.0,-32.0,2.0,False,False,False,inf
36,29,18.0,-32.0,2.0,False,False,False,inf
36,30,20.0,-32.0,2.0,False,False,False,inf
36,31,22.0,-32.0,2.0,False,False,False,inf
36,32,24.0,-32.0,2.0,False,False,False,inf
36,33,26.0,-32.0,2.0,False,False,False,inf
36,34,28.0,-32.0,2.0,False,False,True,31
36,35,30.0,-32.0,2.0,False,False,True,30
36,36,32.0,-32.0,2.0,False,False,True,29
36,37,34.0,-32.0,2.0,False,False,True,30
36,38,36.0,-32.0,2.0,False,False,True,31
36,39,38.0,-32.0,2.0,False,False,False,inf
37,0,-40.0,-34.0,2.0,False,False,False,inf
37,1,-38.0,-34.0,2.0,False,False,True,inf
37,2,-36.0,-34.0,2.0,False,False,True,inf
37,3,-34.0,-34.0,2.0,False,False,True,inf
37,4,-32.0,-34.0,2.0,False,False,True,inf
37,5,-30.0,-34.0,2.0,False,False,True,inf
37,6,-28.0,-34.0,2.0,False,False,True,inf
37,7,-26.0,-34.0,2.0,False,False,True,inf
37,8,-24.0,-34.0,2.0,False,False,True,inf
37,9,-22.0,-34.0,2.0,False,False,True,inf
37,10,-20.0,-34.0,2.0,False,False,False,inf
37,11,-18.0,-34.0,2.0,False,False,False,inf
37,12,-16.0,-34.0,2.0,False,False,False,inf
37,13,-14.0,-34.0,2.0,False,False,True,inf
37,14,-12.0,-34.0,2.0,False,False,True,inf
37,15,-10.0,-34.0,2.0,False,False,True,inf
37,16,-8.0,-34.0,2.0,False,False,True,inf
37,17,-6.0,-34.0,2.0,False,False,True,inf
37,18,-4.0,-34.0,2.0,False,False,True,inf
37,19,-2.0,-34.0,2.0,False,False,True,inf
37,20,0.0,-34.0,2.0,False,False,True,inf
37,21,2.0,-34.0,2.0,False,False,True,inf
37,22,4.0,-34.0,2.0,False,False,True,inf
37,23,6.0,-34.0,2.0,False,False,False,inf
37,24,8.0,-34.0,2.0,False,False,False,inf
37,25,10.0,-34.0,2.0,False,False,False,inf
37,26,12.0,-34.0,2.0,False,False,False,inf
37,27,14.0,-34.0,2.0,False,False,False,inf
37,28,16.0,-34.0,2.0,False,False,False,inf
37,29,18.0,-34.0,2.0,False,False,False,inf
37,30,20.0,-34.0,2.0,False,False,False,inf
37,31,22.0,-34.0,2.0,False,False,False,inf
37,32,24.0,-34.0,2.0,False,False,True,34
37,33,26.0,-34.0,2.0,False,False,True,33
37,34,28.0,-34.0,2.0,False,False,True,32
37,35,30.0,-34.0,2.0,False,False,True,31
37,36,32.0,-34.0,2.0,False,False,True,30
37,37,34.0,-34.0,2.0,False,False,True,31
37,38,36.0,-34.0,2.0,False,False,True,32
37,39,38.0,-34.0,2.0,False,False,False,inf
38,0,-40.0,-36.0,2.0,False,False,False,inf
38,1,-38.0,-36.0,2.0,False,False,True,inf
38,2,-36.0,-36.0,2.0,False,False,True,inf
38,3,-34.0,-36.0,2.0,False,False,True,inf
38,4,-32.0,-36.0,2.0,False,False,True,inf
38,5,-30.0,-36.0,2.0,False,False,True,inf
38,6,-28.0,-36.0,2.0,False,False,True,inf
38,7,-26.0,-36.0,2.0,False,False,True,inf
38,8,-24.0,-36.0,2.0,False,False,True,inf
38,9,-22.0,-36.0,2.0,False,False,True,inf
38,10,-20.0,-36.0,2.0,False,False,True,inf
38,11,-18.0,-36.0,2.0,False,False,True,inf
38,12,-16.0,-36.0,2.0,False,False,True,inf
38,13,-14.0,-36.0,2.0,False,False,True,inf
38,14,-12.0,-36.0,2.0,False,False,True,inf
38,15,-10.0,-36.0,2.0,False,False,True,inf
38,16,-8.0,-36.0,2.0,False,False,True,inf
38,17,-6.0,-36.0,2.0,False,False,True,inf
38,18,-4.0,-36.0,2.0,False,False,True,inf
38,19,-2.0,-36.0,2.0,False,False,True,inf
38,20,0.0,-36.0,2.0,False,False,True,inf
38,21,2.0,-36.0,2.0,False,False,True,inf
38,22,4.0,-36.0,2.0,False,False,True,inf
38,23,6.0,-36.0,2.0,False,False,True,inf
38,24,8.0,-36.0,2.0,False,False,True,inf
38,25,10.0,-36.0,2.0,False,False,True,inf
38,26,12.0,-36.0,2.0,False,False,True,inf
38,27,14.0,-36.0,2.0,False,False,True,40
38,28,16.0,-36.0,2.0,False,False,True,39
38,29,18.0,-36.0,2.0,False,False,True,38
38,30,20.0,-36.0,2.0,False,False,True,37
38,31,22.0,-36.0,2.0,False,False,True,36
38,32,24.0,-36.0,2.0,False,False,True,35
38,33,26.0,-36.0,2.0,False,False,True,34
38,34,28.0,-36.0,2.0,False,False,True,33
38,35,30.0,-36.0,2.0,False,False,True,32
38,36,32.0,-36.0,2.0,False,False,True,31
38,37,34.0,-36.0,2.0,False,False,True,32
38,38,36.0,-36.0,2.0,False,False,True,33
38,39,38.0,-36.0,2.0,False,False,False,inf
39,0,-40.0,-38.0,2.0,False,False,False,inf
39,1,-38.0,-38.0,2.0,False,False,False,inf
39,2,-36.0,-38.0,2.0,False,False,False,inf
39,3,-34.0,-38.0,2.0,False,False,False,inf
39,4,-32.0,-38.0,2.0,False,False,False,inf
39,5,-30.0,-38.0,2.0,False,False,False,inf
39,6,-28.0,-38.0,2.0,False,False,False,inf
39,7,-26.0,-38.0,2.0,False,False,False,inf
39,8,-24.0,-38.0,2.0,False,False,False,inf
39,9,-22.0,-38.0,2.0,False,False,False,inf
39,10,-20.0,-38.0,2.0,False,False,False,inf
39,11,-18.0,-38.0,2.0,False,False,False,inf
39,12,-16.0,-38.0,2.0,False,False,False,inf
39,13,-14.0,-38.0,2.0,False,False,False,inf
39,14,-12.0,-38.0,2.0,False,False,False,inf
39,15,-10.0,-38.0,2.0,False,False,False,inf
39,16,-8.0,-38.0,2.0,False,False,False,inf
39,17,-6.0,-38.0,2.0,False,False,False,inf
39,18,-4.0,-38.0,2.0,False,False,False,inf
39,19,-2.0,-38.0,2.0,False,False,False,inf
39,20,0.0,-38.0,2.0,False,False,False,inf
39,21,2.0,-38.0,2.0,False,False,False,inf
39,22,4.0,-38.0,2.0,False,False,False,inf
39,23,6.0,-38.0,2.0,False,False,False,inf
39,24,8.0,-38.0,2.0,False,False,False,inf
39,25,10.0,-38.0,2.0,False,False,False,inf
39,26,12.0,-38.0,2.0,False,False,False,inf
39,27,14.0,-38.0,2.0,False,False,False,inf
39,28,16.0,-38.0,2.0,False,False,False,inf
39,29,18.0,-38.0,2.0,False,False,False,inf
39,30,20.0,-38.0,2.0,False,False,False,inf
39,31,22.0,-38.0,2.0,False,False,False,inf
39,32,24.0,-38.0,2.0,False,False,False,inf
39,33,26.0,-38.0,2.0,False,False,False,inf
39,34,28.0,-38.0,2.0,False,False,False,inf
39,35,30.0,-38.0,2.0,False,False,False,inf
39,36,32.0,-38.0,2.0,False,False,False,inf
39,37,34.0,-38.0,2.0,False,False,False,inf
39,38,36.0,-38.0,2.0,False,False,False,inf
39,39,38.0,-38.0,2.0,False,False,False,inf
